{
  "vdd": {
    "cumulative": [
      0.8076000000000001,
      0.7966000000000002,
      0.8188
    ],
    "era_a": [
      1.0,
      1.0,
      1.0
    ],
    "burst": [
      0.7879999999999999,
      0.7646666666666666,
      0.8086833333333335
    ],
    "era_b": [
      0.6575999999999999,
      0.6383933333333333,
      0.6778799999999999
    ],
    "avg_lambdas": [
      0.20506169523540294,
      0.20506169523540294,
      0.20506169523540294,
      0.20506169523540294,
      0.20506169523540294,
      0.20506169523540294,
      0.20506169523540294,
      0.20506169523540294,
      0.20506169523540294,
      0.20506169523540294,
      0.20506169523540294,
      0.20506169523540294,
      0.20506169523540294,
      0.20506169523540294,
      0.20506169523540294,
      0.20506169523540294,
      0.20506169523540294,
      0.20506169523540294,
      0.20506169523540294,
      0.20506169523540294,
      0.20506169523540294,
      0.20506169523540294,
      0.20506169523540294,
      0.20506169523540294,
      0.20506169523540294,
      0.20506169523540294,
      0.20506169523540294,
      0.20506169523540294,
      0.20506169523540294,
      0.20506169523540294,
      0.20506169523540294,
      0.20506169523540294,
      0.20506169523540294,
      0.20506169523540294,
      0.20506169523540294,
      0.20506169523540294,
      0.20506169523540294,
      0.20506169523540294,
      0.20506169523540294,
      0.20506169523540294,
      0.2649645015958966,
      0.26563652221197365,
      0.26983197357689653,
      0.2663117016371308,
      0.2549913538532145,
      0.25437900501068367,
      0.2634996653086245,
      0.25726428670350715,
      0.2571271678621376,
      0.264404675901834,
      0.20506169523540294,
      0.20506169523540294,
      0.20506169523540294,
      0.20506169523540294,
      0.20506169523540294,
      0.20506169523540294,
      0.20506169523540294,
      0.20506169523540294,
      0.20506169523540294,
      0.20506169523540294,
      0.20506169523540294,
      0.20506169523540294,
      0.20506169523540294,
      0.20506169523540294,
      0.20506169523540294,
      0.20506169523540294,
      0.20506169523540294,
      0.20506169523540294,
      0.20506169523540294,
      0.20506169523540294,
      0.20506169523540294,
      0.20506169523540294,
      0.20506169523540294,
      0.20506169523540294,
      0.20506169523540294,
      0.20506169523540294,
      0.20506169523540294,
      0.20506169523540294,
      0.20506169523540294,
      0.20506169523540294,
      0.20506169523540294,
      0.20506169523540294,
      0.20506169523540294,
      0.20506169523540294,
      0.20506169523540294,
      0.20506169523540294,
      0.20506169523540294,
      0.20506169523540294,
      0.20506169523540294,
      0.20506169523540294,
      0.20506169523540294,
      0.20506169523540294,
      0.20506169523540294,
      0.20506169523540294,
      0.20506169523540294,
      0.20506169523540294,
      0.20506169523540294,
      0.20506169523540294,
      0.20506169523540294,
      0.20506169523540294
    ]
  },
  "recency": {
    "cumulative": [
      0.8869333333333332,
      0.8789983333333332,
      0.8946000000000001
    ],
    "era_a": [
      1.0,
      1.0,
      1.0
    ],
    "burst": [
      0.8793333333333334,
      0.8600000000000001,
      0.8979999999999999
    ],
    "era_b": [
      0.7979999999999999,
      0.7822666666666666,
      0.812
    ],
    "avg_lambdas": [
      0.5,
      0.5,
      0.5,
      0.5,
      0.5,
      0.5,
      0.5,
      0.5,
      0.5,
      0.5,
      0.5,
      0.5,
      0.5,
      0.5,
      0.5,
      0.5,
      0.5,
      0.5,
      0.5,
      0.5,
      0.5,
      0.5,
      0.5,
      0.5,
      0.5,
      0.5,
      0.5,
      0.5,
      0.5,
      0.5,
      0.5,
      0.5,
      0.5,
      0.5,
      0.5,
      0.5,
      0.5,
      0.5,
      0.5,
      0.5,
      0.5,
      0.5,
      0.5,
      0.5,
      0.5,
      0.5,
      0.5,
      0.5,
      0.5,
      0.5,
      0.5,
      0.5,
      0.5,
      0.5,
      0.5,
      0.5,
      0.5,
      0.5,
      0.5,
      0.5,
      0.5,
      0.5,
      0.5,
      0.5,
      0.5,
      0.5,
      0.5,
      0.5,
      0.5,
      0.5,
      0.5,
      0.5,
      0.5,
      0.5,
      0.5,
      0.5,
      0.5,
      0.5,
      0.5,
      0.5,
      0.5,
      0.5,
      0.5,
      0.5,
      0.5,
      0.5,
      0.5,
      0.5,
      0.5,
      0.5,
      0.5,
      0.5,
      0.5,
      0.5,
      0.5,
      0.5,
      0.5,
      0.5,
      0.5,
      0.5
    ]
  },
  "static": {
    "cumulative": [
      0.7763333333333333,
      0.7645316666666665,
      0.7886683333333333
    ],
    "era_a": [
      1.0,
      1.0,
      1.0
    ],
    "burst": [
      0.7526666666666666,
      0.7259833333333332,
      0.7766666666666667
    ],
    "era_b": [
      0.6021333333333332,
      0.5809333333333334,
      0.6238666666666665
    ],
    "avg_lambdas": [
      0.10000000000000005,
      0.10000000000000005,
      0.10000000000000005,
      0.10000000000000005,
      0.10000000000000005,
      0.10000000000000005,
      0.10000000000000005,
      0.10000000000000005,
      0.10000000000000005,
      0.10000000000000005,
      0.10000000000000005,
      0.10000000000000005,
      0.10000000000000005,
      0.10000000000000005,
      0.10000000000000005,
      0.10000000000000005,
      0.10000000000000005,
      0.10000000000000005,
      0.10000000000000005,
      0.10000000000000005,
      0.10000000000000005,
      0.10000000000000005,
      0.10000000000000005,
      0.10000000000000005,
      0.10000000000000005,
      0.10000000000000005,
      0.10000000000000005,
      0.10000000000000005,
      0.10000000000000005,
      0.10000000000000005,
      0.10000000000000005,
      0.10000000000000005,
      0.10000000000000005,
      0.10000000000000005,
      0.10000000000000005,
      0.10000000000000005,
      0.10000000000000005,
      0.10000000000000005,
      0.10000000000000005,
      0.10000000000000005,
      0.10000000000000005,
      0.10000000000000005,
      0.10000000000000005,
      0.10000000000000005,
      0.10000000000000005,
      0.10000000000000005,
      0.10000000000000005,
      0.10000000000000005,
      0.10000000000000005,
      0.10000000000000005,
      0.10000000000000005,
      0.10000000000000005,
      0.10000000000000005,
      0.10000000000000005,
      0.10000000000000005,
      0.10000000000000005,
      0.10000000000000005,
      0.10000000000000005,
      0.10000000000000005,
      0.10000000000000005,
      0.10000000000000005,
      0.10000000000000005,
      0.10000000000000005,
      0.10000000000000005,
      0.10000000000000005,
      0.10000000000000005,
      0.10000000000000005,
      0.10000000000000005,
      0.10000000000000005,
      0.10000000000000005,
      0.10000000000000005,
      0.10000000000000005,
      0.10000000000000005,
      0.10000000000000005,
      0.10000000000000005,
      0.10000000000000005,
      0.10000000000000005,
      0.10000000000000005,
      0.10000000000000005,
      0.10000000000000005,
      0.10000000000000005,
      0.10000000000000005,
      0.10000000000000005,
      0.10000000000000005,
      0.10000000000000005,
      0.10000000000000005,
      0.10000000000000005,
      0.10000000000000005,
      0.10000000000000005,
      0.10000000000000005,
      0.10000000000000005,
      0.10000000000000005,
      0.10000000000000005,
      0.10000000000000005,
      0.10000000000000005,
      0.10000000000000005,
      0.10000000000000005,
      0.10000000000000005,
      0.10000000000000005,
      0.10000000000000005
    ]
  },
  "effect_sizes": {
    "vdd_vs_recency": -2.8996091391289363,
    "vdd_vs_static": 0.9491452336318328
  }
}