{
  "vdd": {
    "cumulative": [
      0.8425999999999999,
      0.8307949999999998,
      0.8546666666666666
    ],
    "original": [
      1.0,
      1.0,
      1.0
    ],
    "change": [
      0.9039999999999999,
      0.8906499999999998,
      0.9179999999999999
    ],
    "reversion": [
      0.6305000000000001,
      0.601325,
      0.6598375000000001
    ],
    "avg_lambdas": [
      0.20506169523540294,
      0.20506169523540294,
      0.20506169523540294,
      0.20506169523540294,
      0.20506169523540294,
      0.20506169523540294,
      0.20506169523540294,
      0.20506169523540294,
      0.20506169523540294,
      0.20506169523540294,
      0.20506169523540294,
      0.20506169523540294,
      0.20506169523540294,
      0.20506169523540294,
      0.20506169523540294,
      0.20506169523540294,
      0.20506169523540294,
      0.20506169523540294,
      0.20506169523540294,
      0.20506169523540294,
      0.20506169523540294,
      0.20506169523540294,
      0.20506169523540294,
      0.20506169523540294,
      0.20506169523540294,
      0.20506169523540294,
      0.20506169523540294,
      0.20506169523540294,
      0.20506169523540294,
      0.20506169523540294,
      0.20506169523540294,
      0.20506169523540294,
      0.20506169523540294,
      0.20506169523540294,
      0.20506169523540294,
      0.20506169523540294,
      0.20506169523540294,
      0.20506169523540294,
      0.20506169523540294,
      0.20506169523540294,
      0.20506169523540294,
      0.20506169523540294,
      0.20506169523540294,
      0.20506169523540294,
      0.20506169523540294,
      0.20506169523540294,
      0.20506169523540294,
      0.20506169523540294,
      0.20506169523540294,
      0.20506169523540294,
      0.24650464090778995,
      0.25992681096763365,
      0.25159890542070357,
      0.2493362207518121,
      0.2510834862413277,
      0.24978261190334283,
      0.2372293139946765,
      0.23625216185176007,
      0.2308568165481897,
      0.23118053874325808,
      0.6868318048156351,
      0.20506169523540294,
      0.20506169523540294,
      0.20506169523540294,
      0.20506169523540294,
      0.20506169523540294,
      0.20506169523540294,
      0.20506169523540294,
      0.20506169523540294,
      0.20506169523540294,
      0.20506169523540294,
      0.20506169523540294,
      0.20506169523540294,
      0.20506169523540294,
      0.20506169523540294,
      0.20506169523540294,
      0.20506169523540294,
      0.20506169523540294,
      0.20506169523540294,
      0.20506169523540294,
      0.20506169523540294,
      0.20506169523540294,
      0.20506169523540294,
      0.20506169523540294,
      0.20506169523540294,
      0.20506169523540294,
      0.20506169523540294,
      0.20506169523540294,
      0.20506169523540294,
      0.20506169523540294,
      0.20506169523540294,
      0.20506169523540294,
      0.20506169523540294,
      0.20506169523540294,
      0.20506169523540294,
      0.20506169523540294,
      0.20506169523540294,
      0.20506169523540294,
      0.20506169523540294,
      0.20506169523540294
    ]
  },
  "recency": {
    "cumulative": [
      0.8053333333333336,
      0.7923883333333334,
      0.819135
    ],
    "original": [
      1.0,
      1.0,
      1.0
    ],
    "change": [
      0.9746666666666669,
      0.9646666666666667,
      0.9846666666666668
    ],
    "reversion": [
      0.5196666666666667,
      0.4854958333333334,
      0.5580125
    ],
    "avg_lambdas": [
      0.5,
      0.5,
      0.5,
      0.5,
      0.5,
      0.5,
      0.5,
      0.5,
      0.5,
      0.5,
      0.5,
      0.5,
      0.5,
      0.5,
      0.5,
      0.5,
      0.5,
      0.5,
      0.5,
      0.5,
      0.5,
      0.5,
      0.5,
      0.5,
      0.5,
      0.5,
      0.5,
      0.5,
      0.5,
      0.5,
      0.5,
      0.5,
      0.5,
      0.5,
      0.5,
      0.5,
      0.5,
      0.5,
      0.5,
      0.5,
      0.5,
      0.5,
      0.5,
      0.5,
      0.5,
      0.5,
      0.5,
      0.5,
      0.5,
      0.5,
      0.5,
      0.5,
      0.5,
      0.5,
      0.5,
      0.5,
      0.5,
      0.5,
      0.5,
      0.5,
      0.5,
      0.5,
      0.5,
      0.5,
      0.5,
      0.5,
      0.5,
      0.5,
      0.5,
      0.5,
      0.5,
      0.5,
      0.5,
      0.5,
      0.5,
      0.5,
      0.5,
      0.5,
      0.5,
      0.5,
      0.5,
      0.5,
      0.5,
      0.5,
      0.5,
      0.5,
      0.5,
      0.5,
      0.5,
      0.5,
      0.5,
      0.5,
      0.5,
      0.5,
      0.5,
      0.5,
      0.5,
      0.5,
      0.5,
      0.5
    ]
  },
  "static": {
    "cumulative": [
      0.8675333333333332,
      0.8571316666666665,
      0.8768683333333335
    ],
    "original": [
      1.0,
      1.0,
      1.0
    ],
    "change": [
      0.8653333333333333,
      0.8460000000000002,
      0.8840166666666669
    ],
    "reversion": [
      0.7025000000000001,
      0.6796625,
      0.727675
    ],
    "avg_lambdas": [
      0.10000000000000005,
      0.10000000000000005,
      0.10000000000000005,
      0.10000000000000005,
      0.10000000000000005,
      0.10000000000000005,
      0.10000000000000005,
      0.10000000000000005,
      0.10000000000000005,
      0.10000000000000005,
      0.10000000000000005,
      0.10000000000000005,
      0.10000000000000005,
      0.10000000000000005,
      0.10000000000000005,
      0.10000000000000005,
      0.10000000000000005,
      0.10000000000000005,
      0.10000000000000005,
      0.10000000000000005,
      0.10000000000000005,
      0.10000000000000005,
      0.10000000000000005,
      0.10000000000000005,
      0.10000000000000005,
      0.10000000000000005,
      0.10000000000000005,
      0.10000000000000005,
      0.10000000000000005,
      0.10000000000000005,
      0.10000000000000005,
      0.10000000000000005,
      0.10000000000000005,
      0.10000000000000005,
      0.10000000000000005,
      0.10000000000000005,
      0.10000000000000005,
      0.10000000000000005,
      0.10000000000000005,
      0.10000000000000005,
      0.10000000000000005,
      0.10000000000000005,
      0.10000000000000005,
      0.10000000000000005,
      0.10000000000000005,
      0.10000000000000005,
      0.10000000000000005,
      0.10000000000000005,
      0.10000000000000005,
      0.10000000000000005,
      0.10000000000000005,
      0.10000000000000005,
      0.10000000000000005,
      0.10000000000000005,
      0.10000000000000005,
      0.10000000000000005,
      0.10000000000000005,
      0.10000000000000005,
      0.10000000000000005,
      0.10000000000000005,
      0.10000000000000005,
      0.10000000000000005,
      0.10000000000000005,
      0.10000000000000005,
      0.10000000000000005,
      0.10000000000000005,
      0.10000000000000005,
      0.10000000000000005,
      0.10000000000000005,
      0.10000000000000005,
      0.10000000000000005,
      0.10000000000000005,
      0.10000000000000005,
      0.10000000000000005,
      0.10000000000000005,
      0.10000000000000005,
      0.10000000000000005,
      0.10000000000000005,
      0.10000000000000005,
      0.10000000000000005,
      0.10000000000000005,
      0.10000000000000005,
      0.10000000000000005,
      0.10000000000000005,
      0.10000000000000005,
      0.10000000000000005,
      0.10000000000000005,
      0.10000000000000005,
      0.10000000000000005,
      0.10000000000000005,
      0.10000000000000005,
      0.10000000000000005,
      0.10000000000000005,
      0.10000000000000005,
      0.10000000000000005,
      0.10000000000000005,
      0.10000000000000005,
      0.10000000000000005,
      0.10000000000000005,
      0.10000000000000005
    ]
  },
  "effect_sizes": {
    "vdd_vs_recency_cumulative": 1.0092310370912745,
    "vdd_vs_static_cumulative": -0.790873893706998,
    "vdd_vs_recency_reversion": 1.219770769282831,
    "vdd_vs_static_reversion": -0.9666824653078514
  }
}