{
  "vdd": {
    "cumulative": [
      0.5548148148148148,
      0.5442212962962963,
      0.5658898148148148
    ],
    "stable": [
      0.7610864430796666,
      0.7331232830339445,
      0.7887995496404071
    ],
    "volatile": [
      0.2030710511687536,
      0.19664920429642438,
      0.20947020919914577
    ],
    "reverting": [
      0.7002498835219699,
      0.6887142527224854,
      0.7103929603356014
    ],
    "avg_lambdas": [
      0.23817397943150423,
      0.25026802277975574,
      0.2348297423759137,
      0.25461660109897194,
      0.2503459927804649,
      0.23897775738591118,
      0.23423899213441876,
      0.24099690248092792,
      0.24877912854206827,
      0.24612377167081378,
      0.24240505525126219,
      0.255274971215023,
      0.24370224187293832,
      0.25062368686437936,
      0.23683618671871293,
      0.25747169636998374,
      0.24024142614010432,
      0.2498170688311318,
      0.24032917467313492,
      0.24267389462506986,
      0.24454712890009558,
      0.24232616142833835,
      0.24187104049287772,
      0.246122847848599,
      0.25175214813621827,
      0.24298453154438943,
      0.24627060631301947,
      0.23557678484721015,
      0.247191465926305,
      0.23483066619812856,
      0.2410672625384708,
      0.242405979073477,
      0.24418577112893167,
      0.24277242765369217,
      0.24150968272171386,
      0.23564806872696784,
      0.2348340092586042,
      0.2486401561755582,
      0.25138151383126756,
      0.24166320348487097,
      0.24806101611083856,
      0.23652554979939328,
      0.24144266572464668,
      0.23928747048301602,
      0.24907898096579598,
      0.24456544119779805,
      0.2528754988780066,
      0.23497657701811953,
      0.2508723975956832,
      0.24039619167020204,
      0.5637739374910116,
      0.24624720320626556,
      0.24374803866895878,
      0.24403559342625025,
      0.22918532308091638,
      0.23854511573498968,
      0.24352231020382925,
      0.23861974267522304,
      0.23578369803300211,
      0.23846580107148624,
      0.24144174190243184,
      0.2405497124333592,
      0.2329734757357961,
      0.24812310905208182,
      0.24515284837881732,
      0.2386952934376711,
      0.23713177225975018,
      0.2541996670163656,
      0.2420958451357925,
      0.2520661271329131,
      0.572492415926997,
      0.24789645676473748,
      0.2429603901065471,
      0.236389920493359,
      0.24137138184488904,
      0.24588157855241125,
      0.24808441921759233,
      0.24501078360093717,
      0.247378906659626,
      0.2546543858491454,
      0.24090772714404737,
      0.24300099619766238,
      0.24076181632405647,
      0.2455142061499812,
      0.23817063637102853,
      0.24560245766464683,
      0.23564714490475308,
      0.24225672519301025,
      0.2524359187736041,
      0.24121693725951707,
      0.23750675460534643,
      0.2470734604452117,
      0.2507468830503779,
      0.2333417719604409,
      0.24722965277915926,
      0.2547540780494358,
      0.23460920461568943,
      0.24144266572464665,
      0.23794825096637467,
      0.23958732290674378,
      0.562534927955802,
      0.25213699017209107,
      0.2474408328476417,
      0.25019247201730777,
      0.24291417148684652,
      0.2500763151637444,
      0.24424769731694748,
      0.23401845437419452,
      0.2390669327227917,
      0.24485299595508953,
      0.23319493731823518,
      0.24299950078161625,
      0.24179548973042958,
      0.24729542500928586,
      0.23876992037790448,
      0.2421554215111259,
      0.24129248802196523,
      0.2395821322018385,
      0.23341639890067425,
      0.24060787472031972,
      0.23824860637173761,
      0.24923944018243407,
      0.24416520891440074,
      0.23705714531951685,
      0.24567800842709497,
      0.2389158311978954,
      0.24714524730660445,
      0.24573474391020553,
      0.24017523306939814,
      0.24032917467313497,
      0.24522747531905073,
      0.24603694695999803,
      0.23820280957571707,
      0.23988433525163094,
      0.24983111424614388,
      0.23838089261729625,
      0.23595176719280647,
      0.24382358943140686,
      0.2470706203663711,
      0.23615533731812274,
      0.2461959793727862,
      0.24306384620789287,
      0.25021036347443054,
      0.24217139589824058,
      0.25288168201732286,
      0.24537672919951733,
      0.24385241957561982,
      0.24745780048254987,
      0.2484966645938282,
      0.24617766707508362
    ]
  },
  "recency": {
    "cumulative": [
      0.6261851851851853,
      0.6148509259259259,
      0.6374842592592593
    ],
    "stable": [
      0.8319188450667643,
      0.805853444773657,
      0.8574230627220831
    ],
    "volatile": [
      0.28002679549118425,
      0.27209785776444034,
      0.2883432770789483
    ],
    "reverting": [
      0.7667766915361255,
      0.7561353089540847,
      0.7772111221198428
    ],
    "avg_lambdas": [
      0.5,
      0.5,
      0.5,
      0.5,
      0.5,
      0.5,
      0.5,
      0.5,
      0.5,
      0.5,
      0.5,
      0.5,
      0.5,
      0.5,
      0.5,
      0.5,
      0.5,
      0.5,
      0.5,
      0.5,
      0.5,
      0.5,
      0.5,
      0.5,
      0.5,
      0.5,
      0.5,
      0.5,
      0.5,
      0.5,
      0.5,
      0.5,
      0.5,
      0.5,
      0.5,
      0.5,
      0.5,
      0.5,
      0.5,
      0.5,
      0.5,
      0.5,
      0.5,
      0.5,
      0.5,
      0.5,
      0.5,
      0.5,
      0.5,
      0.5,
      0.5,
      0.5,
      0.5,
      0.5,
      0.5,
      0.5,
      0.5,
      0.5,
      0.5,
      0.5,
      0.5,
      0.5,
      0.5,
      0.5,
      0.5,
      0.5,
      0.5,
      0.5,
      0.5,
      0.5,
      0.5,
      0.5,
      0.5,
      0.5,
      0.5,
      0.5,
      0.5,
      0.5,
      0.5,
      0.5,
      0.5,
      0.5,
      0.5,
      0.5,
      0.5,
      0.5,
      0.5,
      0.5,
      0.5,
      0.5,
      0.5,
      0.5,
      0.5,
      0.5,
      0.5,
      0.5,
      0.5,
      0.5,
      0.5,
      0.5,
      0.5,
      0.5,
      0.5,
      0.5,
      0.5,
      0.5,
      0.5,
      0.5,
      0.5,
      0.5,
      0.5,
      0.5,
      0.5,
      0.5,
      0.5,
      0.5,
      0.5,
      0.5,
      0.5,
      0.5,
      0.5,
      0.5,
      0.5,
      0.5,
      0.5,
      0.5,
      0.5,
      0.5,
      0.5,
      0.5,
      0.5,
      0.5,
      0.5,
      0.5,
      0.5,
      0.5,
      0.5,
      0.5,
      0.5,
      0.5,
      0.5,
      0.5,
      0.5,
      0.5,
      0.5,
      0.5,
      0.5,
      0.5,
      0.5,
      0.5
    ]
  },
  "static": {
    "cumulative": [
      0.4977407407407407,
      0.4858101851851852,
      0.5101490740740741
    ],
    "stable": [
      0.6958553238984636,
      0.6655452078875613,
      0.7256801576312659
    ],
    "volatile": [
      0.16065788342198403,
      0.15377886353889827,
      0.16806192159538264
    ],
    "reverting": [
      0.6364479674377216,
      0.6265616221834818,
      0.6456384105716082
    ],