{
  "vdd": {
    "overall_accuracy": [
      0.7963333333333333,
      0.7839972222222223,
      0.8101680555555556
    ],
    "overall_staleness": [
      0.20366666666666672,
      0.1908305555555556,
      0.2164458333333334
    ],
    "transition_accuracy": [
      0.7462222222222222,
      0.7277777777777777,
      0.7662222222222222
    ],
    "transition_staleness": [
      0.25377777777777777,
      0.23288888888888895,
      0.2726777777777778
    ],
    "stable_accuracy": [
      0.8130370370370369,
      0.8017722222222221,
      0.8257796296296295
    ],
    "stable_staleness": [
      0.18696296296296294,
      0.1747388888888889,
      0.1987407407407407
    ],
    "avg_lambdas": [
      0.20506169523540294,
      0.20506169523540294,
      0.20506169523540294,
      0.20506169523540294,
      0.20506169523540294,
      0.20506169523540294,
      0.20506169523540294,
      0.20506169523540294,
      0.20506169523540294,
      0.20506169523540294,
      0.20506169523540294,
      0.20506169523540294,
      0.20506169523540294,
      0.20506169523540294,
      0.20506169523540294,
      0.20506169523540294,
      0.20506169523540294,
      0.20506169523540294,
      0.20506169523540294,
      0.20506169523540294,
      0.20506169523540294,
      0.20506169523540294,
      0.20506169523540294,
      0.20506169523540294,
      0.20506169523540294,
      0.20506169523540294,
      0.20506169523540294,
      0.20506169523540294,
      0.20506169523540294,
      0.20506169523540294,
      0.27872474803706543,
      0.25796210753307586,
      0.26329863821173605,
      0.2733758241353949,
      0.2671064521298544,
      0.20506169523540294,
      0.20506169523540294,
      0.20506169523540294,
      0.20506169523540294,
      0.20506169523540294,
      0.20506169523540294,
      0.20506169523540294,
      0.20506169523540294,
      0.20506169523540294,
      0.20506169523540294,
      0.20506169523540294,
      0.20506169523540294,
      0.20506169523540294,
      0.20506169523540294,
      0.20506169523540294,
      0.20506169523540294,
      0.20506169523540294,
      0.20506169523540294,
      0.20506169523540294,
      0.20506169523540294,
      0.20506169523540294,
      0.20506169523540294,
      0.20506169523540294,
      0.20506169523540294,
      0.20506169523540294,
      0.2584888177882791,
      0.2687825289169498,
      0.2751592436999087,
      0.2702102739149029,
      0.2591311076276233,
      0.20506169523540294,
      0.20506169523540294,
      0.20506169523540294,
      0.20506169523540294,
      0.20506169523540294,
      0.20506169523540294,
      0.20506169523540294,
      0.20506169523540294,
      0.20506169523540294,
      0.20506169523540294,
      0.20506169523540294,
      0.20506169523540294,
      0.20506169523540294,
      0.20506169523540294,
      0.20506169523540294,
      0.20506169523540294,
      0.20506169523540294,
      0.20506169523540294,
      0.20506169523540294,
      0.20506169523540294,
      0.20506169523540294,
      0.20506169523540294,
      0.20506169523540294,
      0.20506169523540294,
      0.20506169523540294,
      0.24752722682685313,
      0.2580002417168209,
      0.26924846358399623,
      0.2599856064470435,
      0.26198025087841453,
      0.20506169523540294,
      0.20506169523540294,
      0.20506169523540294,
      0.20506169523540294,
      0.20506169523540294,
      0.20506169523540294,
      0.20506169523540294,
      0.20506169523540294,
      0.20506169523540294,
      0.20506169523540294,
      0.20506169523540294,
      0.20506169523540294,
      0.20506169523540294,
      0.20506169523540294,
      0.20506169523540294,
      0.20506169523540294,
      0.20506169523540294,
      0.20506169523540294,
      0.20506169523540294,
      0.20506169523540294,
      0.20506169523540294,
      0.20506169523540294,
      0.20506169523540294,
      0.20506169523540294,
      0.20506169523540294
    ],
    "avg_per_step_staleness": [
      0.0,
      0.0,
      0.0,
      0.0,
      0.0,
      0.0,
      0.0,
      0.0,
      0.0,
      0.0,
      0.0,
      0.0,
      0.0,
      0.0,
      0.0,
      0.0,
      0.0,
      0.0,
      0.0,
      0.0,
      0.0,
      0.0,
      0.0,
      0.0,
      0.0,
      0.0,
      0.0,
      0.0,
      0.0,
      0.0,
      0.04666666666666666,
      0.07333333333333332,
      0.11333333333333336,
      0.15333333333333335,
      0.2266666666666667,
      0.1866666666666667,
      0.1933333333333334,
      0.2733333333333334,
      0.20000000000000007,
      0.15333333333333335,
      0.22666666666666674,
      0.15333333333333335,
      0.22000000000000003,
      0.23333333333333342,
      0.17333333333333337,
      0.19333333333333338,
      0.24000000000000007,
      0.22666666666666677,
      0.15333333333333338,
      0.17333333333333337,
      0.18666666666666673,
      0.2066666666666667,
      0.18666666666666668,
      0.18666666666666668,
      0.20666666666666672,
      0.2333333333333334,
      0.22000000000000008,
      0.22666666666666674,
      0.21333333333333337,
      0.16000000000000006,
      0.16000000000000006,
      0.20666666666666675,
      0.29999999999999993,
      0.30666666666666664,
      0.27999999999999997,
      0.32,
      0.3266666666666667,
      0.2800000000000001,
      0.2666666666666667,
      0.28,
      0.37999999999999995,
      0.25333333333333347,
      0.37333333333333324,
      0.3,
      0.2666666666666667,
      0.3600000000000001,
      0.30000000000000004,
      0.30000000000000004,
      0.3399999999999999,
      0.28666666666666674,
      0.30000000000000004,
      0.3200000000000001,
      0.31333333333333335,
      0.3133333333333334,
      0.28,
      0.2800000000000001,
      0.2600000000000001,
      0.36000000000000004,
      0.25333333333333347,
      0.2266666666666667,
      0.34666666666666657,
      0.29333333333333333,
      0.3,
      0.28666666666666674,
      0.3533333333333334,
      0.3533333333333333,
      0.3266666666666668,
      0.3733333333333333,
      0.34666666666666673,
      0.2866666666666667,
      0.31999999999999995,
      0.37999999999999995,
      0.34,
      0.32,
      0.3866666666666666,
      0.35333333333333333,
      0.33333333333333337,
      0.3066666666666666,
      0.34000000000000014,
      0.3466666666666666,
      0.3333333333333333,
      0.38,
      0.36,
      0.35999999999999993,
      0.32,
      0.36000000000000004,
      0.28666666666666674,
      0.3133333333333334,
      0.34,
      0.26000000000000006
    ]
  },
  "recency": {
    "overall_accuracy": [
      0.8911666666666666,
      0.882388888888889,
      0.900890277777778
    ],
    "overall_staleness": [
      0.10883333333333332,
      0.09938750000000002,
      0.11833333333333335
    ],
    "transition_accuracy": [
      0.8602222222222221,
      0.844888888888889,
      0.8764944444444446
    ],
    "transition_staleness": [
      0.13977777777777778,
      0.12310555555555555,
      0.15644444444444444
    ],
    "stable_accuracy": [
      0.9014814814814814,
      0.893109259259259,
      0.9099999999999999
    ],
    "stable_staleness": [
      0.09851851851851849,
      0.09029444444444443,
      0.10689074074074072
    ],