{
  "baseline_comparison": {
    "vdd": {
      "mean": 32.67868414143846,
      "std": 2.300341586084035,
      "median": 32.644453096121396,
      "values": [
        32.7857417938551,
        31.70581103518885,
        32.83087956641208,
        32.341263960374654,
        32.35817572429573,
        31.494418630691833,
        32.81609820973715,
        35.05431122099623,
        30.79504758386456,
        37.6326833825906,
        34.19170184233091,
        33.99121894014596,
        32.288686220666,
        32.669841312633324,
        29.615511247667282,
        32.71741293319501,
        35.17417509624289,
        35.284613602757005,
        37.670691360731915,
        35.475352319199104,
        33.46653398261962,
        30.207269473411543,
        30.331189587350423,
        28.873858319581622,
        29.430029921598035,
        32.21006319630455,
        32.61906487960946,
        28.273513149226815,
        31.303776037254625,
        34.7515897126208
      ]
    },
    "recency": {
      "mean": 23.268921368495345,
      "std": 0.6847219843312911,
      "median": 23.134687105908853,
      "values": [
        22.823968608734702,
        24.188744667895605,
        22.189548184653844,
        23.54735753577993,
        23.506347647971516,
        23.070862931785683,
        22.80463671256375,
        23.328184051290542,
        23.69521313294171,
        22.54088253594195,
        23.003541221688092,
        23.158380596553382,
        23.857504692177372,
        23.11099361526432,
        23.61184466447479,
        24.022106260123028,
        23.600753779173264,
        22.3830249259456,
        24.752943698914027,
        23.868215476070127,
        23.386895125542086,
        22.581071497906166,
        24.446879883834676,
        22.692647759166007,
        22.928597719313892,
        22.593192710992483,
        22.18598899590411,
        23.10493469049141,
        22.533741298899294,
        24.548636432866896
      ]
    },
    "static_0.05": {
      "mean": 275.0491168256286,
      "std": 21.453249973726905,
      "median": 273.7984977430782,
      "values": [
        262.2220249362434,
        273.455305152563,
        256.6605993899889,
        292.25803683665873,
        261.5576342086546,
        289.1301224516034,
        292.13066832267265,
        271.8398367967636,
        282.83590782319305,
        312.5220890723096,
        251.93726928734898,
        233.79789592412845,
        312.99526495056216,
        297.17159311758223,
        239.8018926642339,
        288.7730890496213,
        267.98939541535435,
        287.40929297608704,
        317.2941339295511,
        273.95249555878536,
        253.2507469689976,
        257.6504456327133,
        277.24086109792995,
        281.69221385916774,
        273.64449992737104,
        297.98180318951796,
        238.40751711754837,
        263.5860955041944,
        256.7352735311861,
        285.54950007632544
      ]
    },
    "static_0.10": {
      "mean": 148.61755487055356,
      "std": 8.799472829201362,
      "median": 149.36649543166084,
      "values": [
        141.05843287576567,
        154.08491860879093,
        142.5281242410842,
        152.7467349845001,
        143.53065272072868,
        153.98300096179088,
        152.6736822227233,
        147.3930704542393,
        146.54371198103476,
        156.10169196898676,
        141.20014204502712,
        132.11499066229675,
        163.91006853431105,
        159.9428931495232,
        131.74160438911287,
        158.57525902421455,
        149.31990697520678,
        148.43724232790686,
        165.22627491981007,
        151.8941246725496,
        142.35139677244734,
        141.12947159404519,
        150.50277388076213,
        152.80624865249115,
        149.4130838881149,
        152.89833939627522,
        135.028316914364,
        138.5849322420721,
        140.1765182189787,
        162.62903683745333
      ]
    },
    "static_0.20": {
      "mean": 74.95394374362606,
      "std": 2.978064010199448,
      "median": 74.77484404082134,
      "values": [
        72.25836615822274,
        77.20464227774711,
        71.27981975581153,
        75.18033275633329,
        75.6733697116241,
        74.81739881338196,
        73.7807037253748,
        74.41016239269723,
        75.99257861655511,
        73.40440754563028,
        74.16270311881854,
        69.68734604812046,
        78.28945954900541,
        78.32185608375597,
        69.88276364718,
        79.69832383940178,
        74.7322892682607,
        74.05900773658465,
        81.76263748633653,
        75.98967784182031,
        73.85486277206704,
        73.1189649984806,
        76.88114191859489,
        75.9417327454494,
        74.91177596021603,
        75.88068965821712,
        70.8214042697029,
        71.96841250028706,
        72.8654108600647,
        81.78607025303944
      ]
    },
    "static_0.30": {
      "mean": 47.71471908842167,
      "std": 1.5835996098680476,
      "median": 47.408247948288434,
      "values": [
        46.727370284114905,
        49.838963301924494,
        44.97429515624266,
        47.97323584431701,
        48.577261739510035,
        47.25421480335184,
        46.55562127464987,
        47.32437866973196,
        48.42610714293894,
        46.11604864629533,
        47.63837849813874,
        45.8045918980485,
        48.956243570521664,
        48.94531569665537,
        46.397997822649025,
        49.95490862257365,
        48.11336325021205,
        46.384216763937864,
        51.85220968328412,
        48.32245596813182,
        47.54180062730811,
        46.68029387966703,
        48.97964999547719,
        47.22417466359154,
        47.4921172268449,
        47.22401249982612,
        45.66590706081597,
        46.73918241345922,
        46.36004297432838,
        51.397212674101965
      ]
    }
  },
  "window_ablation": {
    "cw=3,aw=20": {
      "curr_window": 3,
      "arch_window": 20,
      "mean": 28.29677507113108,
      "std": 2.3322642510906166
    },
    "cw=3,aw=50": {
      "curr_window": 3,
      "arch_window": 50,
      "mean": 22.609972298817734,
      "std": 1.9955296943172436
    },
    "cw=3,aw=100": {
      "curr_window": 3,
      "arch_window": 100,
      "mean": 12.77870728137417,
      "std": 1.501019693109983
    },
    "cw=3,aw=200": {
      "curr_window": 3,
      "arch_window": 200,
      "mean": 12.620503475354438,
      "std": 1.4234472766306185
    },
    "cw=3,aw=500": {
      "curr_window": 3,
      "arch_window": 500,
      "mean": 12.620503475354438,
      "std": 1.4234472766306185
    },
    "cw=5,aw=20": {
      "curr_window": 5,
      "arch_window": 20,
      "mean": 38.75402108676358,
      "std": 2.5478621765065284
    },
    "cw=5,aw=50": {
      "curr_window": 5,
      "arch_window": 50,
      "mean": 32.67868414143846,
      "std": 2.300341586084035
    },
    "cw=5,aw=100": {
      "curr_window": 5,
      "arch_window": 100,
      "mean": 16.36264803008553,
      "std": 1.400190811974413
    },
    "cw=5,aw=200": {
      "curr_window": 5,
      "arch_window": 200,
      "mean": 16.153124291319546,
      "std": 1.305933304872867
    },
    "cw=5,aw=500": {
      "curr_window": 5,
      "arch_window": 500,
      "mean": 16.153124291319546,
      "std": 1.305933304872867
    },
    "cw=10,aw=20": {
      "curr_window": 10,
      "arch_window": 20,
      "mean": 53.687366014016085,
      "std": 2.7243042751344326
    },
    "cw=10,aw=50": {
      "curr_window": 10,
      "arch_window": 50,
      "mean": 46.69611968889118,
      "std": 2.580371435198732
    },
    "cw=10,aw=100": {
      "curr_window": 10,
      "arch_window": 100,
      "mean": 21.546649140150954,
      "std": 1.5299545343080032
    },
    "cw=10,aw=200": {
      "curr_window": 10,
      "arch_window": 200,
      "mean": 21.40117118273384,
      "std": 1.4473981253781893
    },
    "cw=10,aw=500": {
      "curr_window": 10,
      "arch_window": 500,
      "mean": 21.40117118273384,