{
  "experiment": "30_confirmatory_n30",
  "purpose": "Confirm Exp 2/4/8 results hold at n=30",
  "methodology": {
    "n10_seeds": "100-109",
    "n30_seeds": "100-129",
    "steps": 500,
    "embedding_dim": 32,
    "bootstrap_samples": 2000,
    "statistics": [
      "bootstrap_ci",
      "cohens_d",
      "paired_ttest"
    ]
  },
  "scenarios": {
    "regime_shifts": {
      "VDD": {
        "n10": {
          "mean": 63.30002542986483,
          "std": 3.77548171807583,
          "ci": [
            61.099926619217506,
            65.6893796061771
          ]
        },
        "n30": {
          "mean": 63.911729798033996,
          "std": 3.7747853526908077,
          "ci": [
            62.63276271986623,
            65.26657644345602
          ]
        },
        "cohens_d_vdd_vs_method_n30": 0.0,
        "rank_n10": 2,
        "rank_n30": 2
      },
      "Recency (lam=0.5)": {
        "n10": {
          "mean": 36.63529594796812,
          "std": 0.8320746646568152,
          "ci": [
            36.15887451715121,
            37.18494469950443
          ]
        },
        "n30": {
          "mean": 36.8604498201619,
          "std": 1.0552946043944442,
          "ci": [
            36.50566471487146,
            37.233629636063064
          ]
        },
        "cohens_d_vdd_vs_method_n30": 9.596394743155848,
        "rank_n10": 1,
        "rank_n30": 1
      },
      "Static (lam=0.05)": {
        "n10": {
          "mean": 342.85529828533595,
          "std": 16.56446190846927,
          "ci": [
            331.8813262323223,
            352.3332108727298
          ]
        },
        "n30": {
          "mean": 344.7165129014163,
          "std": 17.746336909125553,
          "ci": [
            338.58770438427763,
            351.0187618574284
          ]
        },
        "cohens_d_vdd_vs_method_n30": -21.5198963382876,
        "rank_n10": 6,
        "rank_n30": 6
      },
      "Static (lam=0.1)": {
        "n10": {
          "mean": 193.78362104574393,
          "std": 8.35661931373816,
          "ci": [
            188.2187835212589,
            198.42270622200306
          ]
        },
        "n30": {
          "mean": 194.47773804805544,
          "std": 7.685812860682807,
          "ci": [
            191.74770197234812,
            197.14621803801666
          ]
        },
        "cohens_d_vdd_vs_method_n30": -21.201672633911713,
        "rank_n10": 5,
        "rank_n30": 5
      },
      "Static (lam=0.2)": {
        "n10": {
          "mean": 104.45286309586008,
          "std": 3.1227000587481286,
          "ci": [
            102.51362010044778,
            106.28148992181937
          ]
        },
        "n30": {
          "mean": 105.48767211646519,
          "std": 3.5133956713471566,
          "ci": [
            104.24344681999095,
            106.74368575472988
          ]
        },
        "cohens_d_vdd_vs_method_n30": -11.210169590907373,
        "rank_n10": 4,
        "rank_n30": 4
      },
      "Static (lam=0.3)": {
        "n10": {
          "mean": 69.82683161426534,
          "std": 1.6955147835792608,
          "ci": [
            68.79235646234604,
            70.89308050680766
          ]
        },
        "n30": {
          "mean": 70.40562849188476,
          "std": 2.2594893893500863,
          "ci": [
            69.62876670098076,
            71.2139021078077
          ]
        },
        "cohens_d_vdd_vs_method_n30": -2.0524386330270286,
        "rank_n10": 3,
        "rank_n30": 3
      },
      "TimeWeighted (a=0.02)": {
        "n10": {
          "mean": 665.4952136329206,
          "std": 48.41264975686525,
          "ci": [
            634.7501611317242,
            695.1755741122649
          ]
        },
        "n30": {
          "mean": 681.6671318408023,
          "std": 60.126839551138175,
          "ci": [
            660.8530781487173,
            703.2881268124106
          ]
        },
        "cohens_d_vdd_vs_method_n30": -14.257630918817567,
        "rank_n10": 8,
        "rank_n30": 8
      },
      "SlidingWindow (N=50)": {
        "n10": {
          "mean": 464.0164925984385,
          "std": 27.897883006321923,
          "ci": [
            445.3574772147295,
            479.8079767965278
          ]
        },
        "n30": {
          "mean": 466.7183912841562,
          "std": 25.529236065687343,
          "ci": [
            458.0821513227017,
            475.9012333180407
          ]
        },
        "cohens_d_vdd_vs_method_n30": -21.70280491158214,
        "rank_n10": 7,
        "rank_n30": 7
      }
    },
    "mixed_drift": {
      "VDD": {
        "n10": {
          "mean": 43.76957871595336,
          "std": 2.009731202442405,
          "ci": [
            42.41116228305532,
            44.810098436836235
          ]
        },
        "n30": {
          "mean": 43.40073982793233,
          "std": 2.8306210159578753,
          "ci": [
            42.33883200681849,
            44.332600044966405
          ]
        },
        "cohens_d_vdd_vs_method_n30": 0.0,
        "rank_n10": 2,
        "rank_n30": 2
      },
      "Recency (lam=0.5)": {
        "n10": {
          "mean": 40.232533099295594,
          "std": 1.3753643615728108,
          "ci": [
            39.41073101823893,
            41.101654092435176
          ]
        },
        "n30": {
          "mean": 39.81038384405006,
          "std": 1.4565125791424767,
          "ci": [
            39.27322163467998,
            40.315600279900465
          ]
        },
        "cohens_d_vdd_vs_method_n30": 1.5682083728837384,
        "rank_n10": 1,
        "rank_n30": 1
      },
      "Static (lam=0.05)": {
        "n10": {
          "mean": 352.7844682384009,
          "std": 52.777988146350346,
          "ci": [
            320.8034832875157,
            385.3680918178889
          ]
        },
        "n30": {
          "mean": 352.13268003470046,
          "std": 57.167948880864124,
          "ci": [
            332.40065141425185,
            371.7718470250079
          ]
        },
        "cohens_d_vdd_vs_method_n30": -7.499815919624048,
        "rank_n10": 6,
        "rank_n30": 6
      },
      "Static (lam=0.1)": {
        "n10": {
          "mean": 201.00620981400795,
          "std": 17.843831413734453,
          "ci": [
            190.0462464241708,
            211.17350592224685
          ]
        },
        "n30": {
          "mean": 200.37298519051058,
          "std": 21.388178101791105,
          "ci": [
            193.1989122626916,
            207.68320264384099
          ]
        },
        "cohens_d_vdd_vs_method_n30": -10.116539666068805,
        "rank_n10": 5,
        "rank_n30": 5
      },
      "Static (lam=0.2)": {
        "n10": {
          "mean": 112.90676392505625,
          "std": 6.395591078454233,
          "ci": [
            109.0757494208205,
            116.80219545278965
          ]
        },
        "n30": {
          "mean": 111.6237207698524,
          "std": 7.466934789533431,
          "ci": [
            109.06451245271813,
            114.12717605825006
          ]
        },
        "cohens_d_vdd_vs_method_n30": -11.879119789004267,
        "rank_n10": 4,
        "rank_n30": 4
      },
      "Static (lam=0.3)": {
        "n10": {
          "mean": 76.34775483451011,
          "std": 3.5054171978751985,
          "ci": [
            74.24105400602414,
            78.47113271514132
          ]
        },
        "n30": {
          "mean": 75.342265901345,
          "std": 3.753060410176759,
          "ci": [
            74.04261680782452,
            76.65715530209445
          ]
        },
        "cohens_d_vdd_vs_method_n30": -9.44786648822818,
        "rank_n10": 3,
        "rank_n30": 3
      },
      "TimeWeighted (a=0.02)": {
        "n10": {
          "mean": 736.5439916759018,
          "std": 164.6561135697551,
          "ci": [
            637.0858522458202,
            839.3842827027742
          ]
        },