{
  "experiment": "40_auto_calibration",
  "n_seeds": 20,
  "steps": 500,
  "burn_in_fraction": 0.2,
  "percentile": 75,
  "patterns": {
    "sudden": {
      "auto_v0_mean": 0.04777550053129353,
      "auto_v0_std": 0.0034492869307592854,
      "auto_v0_values": [
        0.04457581915650657,
        0.04741032076473227,
        0.04484368000395931,
        0.048867668802685026,
        0.05005705600844438,
        0.050652359335284405,
        0.04939347270264908,
        0.048266043417697475,
        0.051887219919727216,
        0.04577674168425298,
        0.04495773792632683,
        0.04531577746302198,
        0.04810280906541809,
        0.05459970454645331,
        0.04475425248335384,
        0.04328575753344803,
        0.04413688303949445,
        0.04322338660009918,
        0.054714408636893815,
        0.05068891153542232
      ],
      "methods": {
        "hand_tuned": {
          "iae_mean": 29.881410485404096,
          "iae_std": 0.7992936851577289,
          "mae_mean": 0.059762820970808206,
          "mae_std": 0.0015985873703154576,
          "accuracy_mean": 0.9894791666666668,
          "accuracy_std": 0.0027540216805004665
        },
        "auto_calibrated": {
          "iae_mean": 21.578321294471174,
          "iae_std": 0.5702627727562358,
          "mae_mean": 0.04315664258894235,
          "mae_std": 0.001140525545512471,
          "accuracy_mean": 0.9940624999999997,
          "accuracy_std": 0.0033769927244681813
        },
        "v0=0.01": {
          "iae_mean": 16.905221992767824,
          "iae_std": 0.3824288569595657,
          "mae_mean": 0.03381044398553564,
          "mae_std": 0.0007648577139191318,
          "accuracy_mean": 0.9949999999999998,
          "accuracy_std": 0.002499999999999991
        },
        "v0=0.05": {
          "iae_mean": 21.890528345356692,
          "iae_std": 0.5264945955986211,
          "mae_mean": 0.04378105669071338,
          "mae_std": 0.0010529891911972426,
          "accuracy_mean": 0.9937499999999997,
          "accuracy_std": 0.0029462782549439376
        },
        "v0=0.3": {
          "iae_mean": 71.17105469984526,
          "iae_std": 3.837433709254766,
          "mae_mean": 0.14234210939969053,
          "mae_std": 0.007674867418509528,
          "accuracy_mean": 0.9701041666666669,
          "accuracy_std": 0.0038002992389488824
        },
        "v0=0.5": {
          "iae_mean": 95.27583816422711,
          "iae_std": 7.009066593605954,
          "mae_mean": 0.1905516763284542,
          "mae_std": 0.014018133187211908,
          "accuracy_mean": 0.9657291666666665,
          "accuracy_std": 0.0035155285480596133
        }
      },
      "auto_vs_hand_pct": -27.786804759396006,
      "ttest_t": 53.524955580943185,
      "ttest_p": 3.4392778891176735e-22,
      "performance_range_pct": 463.58821082022354,
      "best_method": "v0=0.01",
      "auto_rank": 2,
      "hand_rank": 4,
      "total_methods": 6
    },
    "gradual": {
      "auto_v0_mean": 0.07888488434958232,
      "auto_v0_std": 0.009700804307910288,
      "auto_v0_values": [
        0.0928560764042173,
        0.07978470271613892,
        0.06523930430501271,
        0.09943650433891658,
        0.07132301900009133,
        0.08516022358224279,
        0.07583046589892266,
        0.07621845685383521,
        0.08437229616745334,
        0.09839556256807218,
        0.08442795773586131,
        0.08100584420321878,
        0.06827912705424477,
        0.08093190630254088,
        0.07621847299807177,
        0.07702744588712947,
        0.07652912540187597,
        0.06350276345373917,
        0.06821551428103487,
        0.07294291783902614
      ],
      "methods": {
        "hand_tuned": {
          "iae_mean": 15.780038620216931,
          "iae_std": 1.05098974784811,
          "mae_mean": 0.031560077240433845,
          "mae_std": 0.00210197949569622,
          "accuracy_mean": 1.0,
          "accuracy_std": 0.0
        },
        "auto_calibrated": {
          "iae_mean": 13.480877204214305,
          "iae_std": 1.5216223488143268,
          "mae_mean": 0.026961754408428608,
          "mae_std": 0.0030432446976286537,
          "accuracy_mean": 1.0,
          "accuracy_std": 0.0
        },
        "v0=0.01": {
          "iae_mean": 8.039872795891819,
          "iae_std": 0.4160079352497577,
          "mae_mean": 0.01607974559178364,
          "mae_std": 0.0008320158704995154,
          "accuracy_mean": 1.0,
          "accuracy_std": 0.0
        },
        "v0=0.05": {
          "iae_mean": 10.77781693880478,
          "iae_std": 0.6216623135718178,
          "mae_mean": 0.02155563387760956,
          "mae_std": 0.0012433246271436357,
          "accuracy_mean": 1.0,
          "accuracy_std": 0.0
        },
        "v0=0.3": {
          "iae_mean": 67.69951042083609,
          "iae_std": 5.551219342091097,
          "mae_mean": 0.13539902084167216,
          "mae_std": 0.011102438684182194,
          "accuracy_mean": 1.0,
          "accuracy_std": 0.0
        },
        "v0=0.5": {
          "iae_mean": 145.02675829268676,
          "iae_std": 11.365901748260645,
          "mae_mean": 0.2900535165853735,
          "mae_std": 0.022731803496521295,
          "accuracy_mean": 1.0,
          "accuracy_std": 0.0
        }
      },
      "auto_vs_hand_pct": -14.570062034303302,
      "ttest_t": 10.070620471458959,
      "ttest_p": 4.698418166866952e-09,
      "performance_range_pct": 1703.843940998568,
      "best_method": "v0=0.01",
      "auto_rank": 3,
      "hand_rank": 4,
      "total_methods": 6
    },
    "reversion": {
      "auto_v0_mean": 0.04777550053129353,
      "auto_v0_std": 0.0034492869307592854,
      "auto_v0_values": [
        0.04457581915650657,
        0.04741032076473227,
        0.04484368000395931,
        0.048867668802685026,
        0.05005705600844438,
        0.050652359335284405,
        0.04939347270264908,
        0.048266043417697475,
        0.051887219919727216,
        0.04577674168425298,
        0.04495773792632683,
        0.04531577746302198,
        0.04810280906541809,
        0.05459970454645331,
        0.04475425248335384,
        0.04328575753344803,
        0.04413688303949445,
        0.04322338660009918,
        0.054714408636893815,
        0.05068891153542232
      ],
      "methods": {
        "hand_tuned": {
          "iae_mean": 25.942828845467954,
          "iae_std": 0.952028051046913,
          "mae_mean": 0.05188565769093591,
          "mae_std": 0.0019040561020938261,
          "accuracy_mean": 0.99,
          "accuracy_std": 0.0015590239111558035
        },
        "auto_calibrated": {
          "iae_mean": 18.897867683296536,
          "iae_std": 0.6994521885833707,
          "mae_mean": 0.03779573536659306,
          "mae_std": 0.0013989043771667413,
          "accuracy_mean": 0.9918750000000001,
          "accuracy_std": 0.0006249999999999977
        },
        "v0=0.01": {
          "iae_mean": 14.8871119348484,
          "iae_std": 0.4362203550749243,
          "mae_mean": 0.029774223869696796,
          "mae_std": 0.0008724407101498483,
          "accuracy_mean": 0.9958333333333333,
          "accuracy_std": 0.0
        },
        "v0=0.05": {
          "iae_mean": 19.159240786385986,
          "iae_std": 0.6119809877720653,
          "mae_mean": 0.03831848157277197,
          "mae_std": 0.0012239619755441313,
          "accuracy_mean": 0.9918750000000001,
          "accuracy_std": 0.0006249999999999977
        },
        "v0=0.3": {
          "iae_mean": 61.828210467294355,
          "iae_std": 4.6125896193024705,
          "mae_mean": 0.12365642093458876,
          "mae_std": 0.009225179238604941,
          "accuracy_mean": 0.976875,
          "accuracy_std": 0.002626983377691343
        },
        "v0=0.5": {
          "iae_mean": 84.21512259775724,
          "iae_std": 9.182342661445658,
          "mae_mean": 0.16843024519551447,
          "mae_std": 0.018364685322891316,
          "accuracy_mean": 0.9760416666666666,